frame_completion_ratio,player_shot_ball,shot_speed,player_1_position_x,player_1_position_y,player_2_position_x,player_2_position_y,player_serve,point_winner
0.06623931623931624,1,41.429656230629384,1693.914574462073,536.9999905450062,1770.8539278453582,72.24726634347735,1,2
0.16666666666666666,2,68.65029466953024,1733.6845937452683,542.5751753754482,1758.3582948070944,76.56302479566136,1,2
0.24572649572649571,1,60.98034269743272,1696.3625876078831,543.6033206367855,1755.9579773183782,77.31939374790936,1,2
0.3333333333333333,2,44.52829972950088,1727.1711026520902,536.3666749762962,1672.6443998867182,81.52810463606107,1,2
0.43162393162393164,1,54.34160515405519,1792.351170642082,527.3685002802833,1703.1881396988535,81.02258137796221,1,2
0.5064102564102564,2,4.930358799453105,1771.5980625011316,434.7707619848951,1771.005510068074,85.98261423815812,1,2
0.7243589743589743,2,2.8526220407373635,1755.9192485446638,422.4390676933574,1692.8721107572437,90.24593406205311,1,2
0.782051282051282,2,0.7512773921345951,1760.772295685174,426.0318905196853,1719.7035270553854,75.82930179338182,1,2
